<?xml version="1.0" encoding="UTF-8" standalone="yes"?>
<diagram version="8" type="Operational Story Diagram" baseType="Use Case Diagram" abbreviation="OpStory" category="SAF Diagrams">
    <requiredPlugin>com.nomagic.magicdraw.plugins.impl.sysml#SysML;SAF_Profile.mdzip;UML_Standard_Profile.mdzip</requiredPlugin>
    <helpID>https://github.com/GfSE/SAF-Specification/blob/main/viewpoints/Operational-Story-Viewpoint.md</helpID>
    <toolbarConfiguration>
        <category name="Common" id="COMMON_ELEMENTS_STATIC" expandedByDefault="false">
            <icon type="small" size="16" filename="mdp://resource/com/nomagic/magicdraw/icons/packagenode.png"></icon>
            <icon type="large" size="16" filename="mdp://resource/com/nomagic/magicdraw/icons/packagenode.svg"></icon>
            <actions>
                <group>
                    <standard action="ADD_NOTE" shortcut="pressed N "/>
                    <standard action="ADD_NOTE_ANCHOR" shortcut="pressed H "/>
                </group>
                <standard action="ADD_COMMENT"/>
                <custom type="com.nomagic.uml2.ext.magicdraw.classes.mdkernel.Comment" description="Problem" listAsElement="false" opposite="false" id="IDaction_1161258471734_623304_0"/>
                <custom type="com.nomagic.uml2.ext.magicdraw.classes.mdkernel.Comment" description="Rationale" listAsElement="false" opposite="false" id="IDaction_1161258490265_865153_0"/>
                <custom type="com.nomagic.uml2.ext.magicdraw.classes.mdkernel.Comment" description="Element Group" listAsElement="false" opposite="false" id="IDaction_1392204622179_642598_0"/>
                <group>
                    <standard action="CONSTRAINT_ACTION"/>
                    <standard action="DURATION_CONSTRAINT_ACTION"/>
                    <standard action="TIME_CONSTRAINT_ACTION"/>
                </group>
                <group>
                    <standard action="ADD_CONTAINMENT_LINK" shortcut="shift pressed C "/>
                    <standard action="ADD_CONTAINMENT_LINK_OPPOSITE" shortcut="shift pressed K "/>
                </group>
                <group>
                    <custom type="com.nomagic.uml2.ext.magicdraw.classes.mddependencies.Abstraction" description="Abstraction" shortcut="pressed T " listAsElement="false" opposite="false" id="IDaction_1336037660788_456573_0"/>
                </group>
                <standard action="ADD_DEPENDENCY" shortcut="shift pressed D "/>
                <custom type="com.nomagic.uml2.ext.magicdraw.classes.mddependencies.Abstraction" description="Allocate" listAsElement="false" opposite="false" id="IDaction_1161258505703_142954_0">
                    <defaults>
                        <PropertyVisitorAcceptor xmlns:xmi="http://www.omg.org/spec/XMI/20131001">
                            <mdElement elementClass="PropertyManager">
<mdElement elementClass="ChoiceProperty">
    <propertyID>visibility</propertyID>
    <value>public</value>
    <choice xmi:value="public^private^protected^package"/>
    <index xmi:value="0"/>
</mdElement>
                            </mdElement>
                        </PropertyVisitorAcceptor>
                    </defaults>
                </custom>
                <standard action="ADD_IMAGE_SHAPE" shortcut="pressed I "/>
                <standard action="ADD_DIAGRAM_OVERVIEW"/>
                <standard action="ADD_DIAGRAM_LEGEND"/>
                <standard action="ADD_TEXT_BOX" shortcut="pressed X "/>
                <group>
                    <standard action="ADD_SEPARATOR" shortcut="pressed W "/>
                    <standard action="ADD_SEPARATOR_VERTICAL"/>
                    <standard action="ADD_RECTANGULAR_SHAPE" shortcut="shift pressed Q "/>
                </group>
            </actions>
        </category>
        <category name="Operational Story Viewpoint" id="action_category_1157106761140_808986_0" expandedByDefault="true">
            <icon type="small" size="16" filename="mdp://resource/com/nomagic/magicdraw/sysml/icons/diagrams/usecasediagram.png"></icon>
            <icon type="large" size="16" filename="mdp://resource/com/nomagic/magicdraw/sysml/icons/diagrams/usecasediagram.svg"></icon>
            <actions>
                <custom type="com.nomagic.uml2.ext.magicdraw.mdusecases.UseCase" description="Operational Story" listAsElement="false" opposite="false" id="IDaction_1700406324762_264096_1">
                    <stereotype id="_19_0_1_8710274_1552023067867_433281_43825"/>
                </custom>
                <custom type="com.nomagic.uml2.ext.magicdraw.classes.mdkernel.Class" description="Operational Performer" listAsElement="false" opposite="false" id="IDaction_1175265876921_95302_0">
                    <defaults>
                        <PropertyVisitorAcceptor xmlns:xmi="http://www.omg.org/spec/XMI/20131001">
                            <mdElement elementClass="PropertyManager">
<mdElement elementClass="BooleanProperty">
    <propertyID>isEncapsulated</propertyID>
    <propertyGroup>_19_0_3_26f0132_1581501489077_870542_155174</propertyGroup>
</mdElement>
                            </mdElement>
                        </PropertyVisitorAcceptor>
                    </defaults>
                </custom>
                <custom type="com.nomagic.uml2.ext.magicdraw.classes.mdkernel.Class" description="Operational Context" listAsElement="false" opposite="false" id="IDaction_1458740723241_634685_0"/>
                <custom type="com.nomagic.uml2.ext.magicdraw.classes.mdkernel.Association" description="Performer Acting in Story" listAsElement="false" opposite="false" id="IDaction_1700403662254_99063_0">
                    <stereotype id="_19_0_3_6d8019d_1600283017764_387587_659"/>
                </custom>
                <standard action="ADD_INCLUDE" shortcut="pressed C "/>
                <standard action="ADD_EXTEND" shortcut="pressed E "/>
                <standard action="ADD_GENERALIZATION" shortcut="pressed G "/>
            </actions>
        </category>
    </toolbarConfiguration>
    <icon type="small" size="16" filename="mdp://resource/com/nomagic/magicdraw/sysml/icons/diagrams/usecasediagram.png"></icon>
    <icon type="diagraming" size="-1" filename="mdp://resource/com/nomagic/magicdraw/sysml/icons/diagrams/usecasediagram.svg"></icon>
    <module name="SAF_Profile.mdzip" location="C:\tools\MagicDraw_190_sp3_no_install\profiles\SAF_Profile.mdzip">
        <root id="_19_0_1_26f0132_1547201695683_137485_42117"/>
    </module>
    <module name="UML_Standard_Profile.mdzip" location="C:\tools\MagicDraw_190_sp3_no_install\profiles\UML_Standard_Profile.mdzip">
        <root id="magicdraw_uml_standard_profile_v_0001"/>
    </module>
    <manipulators>
        <stereotype id="_19_0_1_8710274_1552023067867_433281_43825" name="SAF_OperationalStory"/>
        <path action="IDaction_1700403662254_99063_0">
            <target>IDaction_1175265876921_95302_0</target>
        </path>
    </manipulators>
    <manipulators>
        <stereotype id="_19_0_3_26f0132_1581501489077_870542_155174" name="SAF_OperationalPerformer"/>
        <path action="IDaction_1700403662254_99063_0">
            <target>IDaction_1700406324762_264096_1</target>
        </path>
    </manipulators>
</diagram>
